nom,prix,adresse,image_lien
Lapins,25 000 CFA,"Parcelle Assainies, Dakar, Sénégal",https://images.coinafrique.com/thumb_5693264_uploaded_image1_1766935865.jpg
Pigeon King,60 000 CFA,"Mbao, Dakar, Sénégal",https://images.coinafrique.com/thumb_5669544_uploaded_image1_1765545674.jpg
Femmel cailloute,30 000 CFA,"Mariste, Dakar, Sénégal",https://images.coinafrique.com/thumb_5587969_uploaded_image1_1761236540.jpg
Couple  Mondain,130 000 CFA,"HLM, Dakar, Sénégal",https://images.coinafrique.com/thumb_5541428_uploaded_image1_1758715216.jpg
Lapin,40 000 CFA,"Keur Massar, Sénégal",https://images.coinafrique.com/thumb_5514578_uploaded_image2_1757331557.jpeg
Pigeon Mondain,120 000 CFA,"Guediawaye, Dakar, Sénégal",https://images.coinafrique.com/thumb_5507608_uploaded_image1_1756942600.jpg
Pigeon Mondain 1,120 000 CFA,"Guediawaye, Dakar, Sénégal",https://images.coinafrique.com/thumb_5507606_uploaded_image1_1756942550.jpg
Pigeons,100 000 CFA,"Parcelle Assainies, Dakar, Sénégal",https://images.coinafrique.com/thumb_5458528_uploaded_image1_1754315737.jpg
Couples texans pionniers,40 000 CFA,"Ouakam, Dakar, Sénégal",https://images.coinafrique.com/thumb_5497183_uploaded_image1_1756394350.jpg
Couple Mondain,100 000 CFA,"Ouakam, Dakar, Sénégal",https://images.coinafrique.com/thumb_5497172_uploaded_image1_1756394052.jpg
Pigeon culbtant volga,30 000 CFA,"Fatick, Sénégal",https://images.coinafrique.com/thumb_5497140_uploaded_image1_1756393034.jpg
Lapin 1,35 000 CFA,"Almadies, Dakar, Sénégal",https://images.coinafrique.com/thumb_5465434_uploaded_image1_1754648894.jpg
Lapin Métis Californien,25 000 CFA,"Keur Massar, Sénégal",https://images.coinafrique.com/thumb_5437884_uploaded_image1_1753306013.jpg
Poussins brahma blanc herminé,25 000 CFA,"Dieuppeul-Derklé, Dakar, Sénégal",https://images.coinafrique.com/thumb_5414572_uploaded_image1_1752060211.jpg
Poulet Padovani,45 000 CFA,"Louga, Sénégal",https://images.coinafrique.com/thumb_5353407_uploaded_image1_1748690625.jpg
Poulet,50 000 CFA,"Thies, Sénégal",https://images.coinafrique.com/thumb_5344600_uploaded_image1_1748179147.jpg
couple mondain adulte 2024,200 000 CFA,"Pikine, Sénégal",https://images.coinafrique.com/thumb_5337087_uploaded_image1_1747753115.jpg
Couple Braman Hermine,90 000 CFA,"Parcelle Assainies, Dakar, Sénégal",https://images.coinafrique.com/thumb_5329879_uploaded_image1_1747329681.jpg
Couple Braman Hermine 1,90 000 CFA,"Parcelle Assainies, Dakar, Sénégal",https://images.coinafrique.com/thumb_5329869_uploaded_image1_1747329370.jpg
Poule,25 000 CFA,"Dakar, Sénégal",https://images.coinafrique.com/thumb_5280953_uploaded_image1_1744629489.jpg
Pigeon,100 000 CFA,"Sicap Liberté, Dakar, Sénégal",https://images.coinafrique.com/thumb_5246700_uploaded_image1_1742737554.jpg
Pigeon Mondain 2,150 000 CFA,"Guediawaye, Dakar, Sénégal",https://images.coinafrique.com/thumb_5232372_uploaded_image1_1741970489.jpg
Coque Hermine,50 000 CFA,"Dakar, Sénégal",https://images.coinafrique.com/thumb_5202384_uploaded_image1_1740482590.jpg
Pigeon Mondain 3,150 000 CFA,"Guediawaye, Dakar, Sénégal",https://images.coinafrique.com/thumb_5121788_uploaded_image1_1736179154.jpg
Pigeon Mondain 4,200 000 CFA,"Rufisque, Sénégal",https://images.coinafrique.com/thumb_5085521_uploaded_image1_1733851166.jpg
Poussin brahman,25 000 CFA,"Pikine, Sénégal",https://images.coinafrique.com/thumb_5080703_uploaded_image1_1733571477.jpg
Mondain noir,150 000 CFA,"Guediawaye, Dakar, Sénégal",https://images.coinafrique.com/thumb_5078519_uploaded_image1_1733444790.jpg
Couple adulte métisses,35 000 CFA,"Pikine, Sénégal",https://images.coinafrique.com/thumb_5064256_uploaded_image1_1732714222.jpg
Poule Brahma,45 000 CFA,"Pikine, Sénégal",https://images.coinafrique.com/thumb_5044135_uploaded_image1_1731603018.jpg
Pigeon voyageur,25 000 CFA,"Mariste, Dakar, Sénégal",https://images.coinafrique.com/thumb_4936241_uploaded_image1_1725920934.jpg
Lapin nain,30 000 CFA,"Parcelle Assainies, Dakar, Sénégal",https://images.coinafrique.com/thumb_4865409_uploaded_image1_1722221284.jpg
Pigeon mondain noir,170 000 CFA,"Guediawaye, Dakar, Sénégal",https://images.coinafrique.com/thumb_4862270_uploaded_image1_1722006320.jpg
Pan indien blanc,35 000 CFA,"Mermoz-Sacré Coeur, Dakar, Sénégal",https://images.coinafrique.com/thumb_4860862_uploaded_image1_1721930737.jpg
Couple pigeon mondain blanc,70 000 CFA,"Mbao, Dakar, Sénégal",https://images.coinafrique.com/thumb_4853197_uploaded_image1_1721514569.jpg
Jeune Mondain 2024,150 000 CFA,"Thiaroye, Sénégal",https://images.coinafrique.com/thumb_4840128_uploaded_image1_1720797760.jpg
Cochin porteur caillouté paire,120 000 CFA,"Mbao, Dakar, Sénégal",https://images.coinafrique.com/thumb_4818681_uploaded_image1_1719796046.jpg
Poule Brahma 1,95 000 CFA,"Rufisque, Sénégal",https://images.coinafrique.com/thumb_4807398_uploaded_image1_1719187421.jpg
Couple lapereau fauve de bourgogne,40 000 CFA,"Lac rose, Sénégal",https://images.coinafrique.com/thumb_4751808_uploaded_image1_1716133783.jpg
Poulet Nègre de soie,35 000 CFA,"Almadies, Dakar, Sénégal",https://images.coinafrique.com/thumb_4723223_uploaded_image1_1714727157.jpg
Pigeons King mâle,35 000 CFA,"Dakar, Sénégal",https://images.coinafrique.com/thumb_4704120_uploaded_image1_1713750109.jpg
Pigeon Mondain écailler,170 000 CFA,"Guediawaye, Dakar, Sénégal",https://images.coinafrique.com/thumb_4685152_uploaded_image1_1712756876.jpg
Femelle andalou,250 000 CFA,"Guediawaye, Dakar, Sénégal",https://images.coinafrique.com/thumb_4667144_uploaded_image1_1711815313.jpg
Pigeons 1,50 000 CFA,"Rufisque, Sénégal",https://images.coinafrique.com/thumb_4662585_uploaded_image1_1711547077.jpg
Pigeon Texan,80 000 CFA,"Rufisque, Sénégal",https://images.coinafrique.com/thumb_4653331_uploaded_image1_1711039616.jpg
Pigeons Mondain,225 000 CFA,"Rufisque, Sénégal",https://images.coinafrique.com/thumb_4653298_uploaded_image1_1711039158.jpg
Couple  Brahma Herminé standard,80 000 CFA,"Mbao, Dakar, Sénégal",https://images.coinafrique.com/thumb_4650066_uploaded_image1_1710871182.jpg
Brahma,25 000 CFA,"Dakar, Sénégal",https://images.coinafrique.com/thumb_4644724_uploaded_image1_1710589505.jpg
Poussin oie,35 000 CFA,"Guediawaye, Dakar, Sénégal",https://images.coinafrique.com/thumb_4619799_uploaded_image1_1709296095.jpg
Brahman bleu Lemon,40 000 CFA,"Dakar, Sénégal",https://images.coinafrique.com/thumb_4612273_uploaded_image1_1708946489.jpg
Pigeons couple Mondain,170 000 CFA,"Guediawaye, Dakar, Sénégal",https://images.coinafrique.com/thumb_4598304_uploaded_image1_1708179510.jpg
Couples lapereaux,100 000 CFA,"Keur Massar, Sénégal",https://images.coinafrique.com/thumb_4587998_uploaded_image1_1707587252.jpg
Pigeon Modain,160 000 CFA,"Grand Yoff, Dakar, Sénégal",https://images.coinafrique.com/thumb_4561395_uploaded_image1_1706128448.jpg
Paire pigeon  jeune King,60 000 CFA,"Mariste, Dakar, Sénégal",https://images.coinafrique.com/thumb_4545200_uploaded_image1_1705269534.jpg
Lapin 2,35 000 CFA,"Mariste, Dakar, Sénégal",https://images.coinafrique.com/thumb_4517612_uploaded_image1_1703770805.jpg
Lapin fauve male,80 000 CFA,"Mariste, Dakar, Sénégal",https://images.coinafrique.com/thumb_4512680_uploaded_image1_1703431761.jpg
Couple lapereau,40 000 CFA,"Dakar, Sénégal",https://images.coinafrique.com/thumb_4505997_uploaded_image1_1702997024.jpg
Couple lapin français,40 000 CFA,"Dakar, Sénégal",https://images.coinafrique.com/thumb_4505989_uploaded_image1_1702996795.jpg
Pigeon King Blanc,75 000 CFA,"Mbour, Sénégal",https://images.coinafrique.com/thumb_4471585_uploaded_image1_1700864393.jpg
